,registrar,enrolment_agency
0,Allahabad Bank,Tera Software Ltd
1,Allahabad Bank,Tera Software Ltd
2,Allahabad Bank,Vakrangee Softwares Limited
3,Allahabad Bank,Vakrangee Softwares Limited
4,Allahabad Bank,Vakrangee Softwares Limited
5,Allahabad Bank,Vakrangee Softwares Limited
6,Allahabad Bank,Vakrangee Softwares Limited
7,Allahabad Bank,Vakrangee Softwares Limited
8,Allahabad Bank,Vakrangee Softwares Limited
9,Allahabad Bank,Vakrangee Softwares Limited
10,Allahabad Bank,Vakrangee Softwares Limited
11,Allahabad Bank,Vakrangee Softwares Limited
12,Allahabad Bank,Vakrangee Softwares Limited
13,Allahabad Bank,Vakrangee Softwares Limited
14,Allahabad Bank,Vakrangee Softwares Limited
15,Allahabad Bank,Vakrangee Softwares Limited
16,Allahabad Bank,Vakrangee Softwares Limited
17,Allahabad Bank,Vakrangee Softwares Limited
18,Allahabad Bank,Vakrangee Softwares Limited
19,Allahabad Bank,Vakrangee Softwares Limited
20,Allahabad Bank,Vakrangee Softwares Limited
21,Allahabad Bank,Vakrangee Softwares Limited
22,Allahabad Bank,Vakrangee Softwares Limited
23,Allahabad Bank,Vakrangee Softwares Limited
24,Allahabad Bank,Vakrangee Softwares Limited
25,Allahabad Bank,Vakrangee Softwares Limited
26,Allahabad Bank,Vakrangee Softwares Limited
27,Allahabad Bank,Vakrangee Softwares Limited
28,Allahabad Bank,Vakrangee Softwares Limited
29,Allahabad Bank,Vakrangee Softwares Limited
30,Allahabad Bank,Vakrangee Softwares Limited
31,Allahabad Bank,Vakrangee Softwares Limited
32,Allahabad Bank,Vakrangee Softwares Limited
33,Allahabad Bank,Vakrangee Softwares Limited
34,Allahabad Bank,Vakrangee Softwares Limited
35,Allahabad Bank,Vakrangee Softwares Limited
36,Allahabad Bank,Vakrangee Softwares Limited
37,Allahabad Bank,Vakrangee Softwares Limited
38,Allahabad Bank,Vakrangee Softwares Limited
39,Allahabad Bank,Vakrangee Softwares Limited
40,Allahabad Bank,Vakrangee Softwares Limited
41,Allahabad Bank,Vakrangee Softwares Limited
42,Allahabad Bank,Vakrangee Softwares Limited
43,Allahabad Bank,Vakrangee Softwares Limited
44,Allahabad Bank,Vakrangee Softwares Limited
45,Allahabad Bank,Vakrangee Softwares Limited
46,Allahabad Bank,Vakrangee Softwares Limited
47,Allahabad Bank,Vakrangee Softwares Limited
48,Allahabad Bank,Vakrangee Softwares Limited
49,Allahabad Bank,Vakrangee Softwares Limited
