T i t l e : | | S t a n d a r d i z a t i o n | | o f | | t h e | | f u n c t i o n a l | | s y n d e s m o s i s | | w i d e n i n g | | b y | | d y n a m i c | | U . S | | e x a m i n a t i o n
insr,Email,First Name,Last Name
['I1'],omer@extremegate.com,Omer,Mei-Dan
['I2'],mcarmont@hotmail.com,Mike,Carmont
"['I3', 'I4']",laver17@gmail.com,Lior,Laver
['I3'],nyska@internet-zahav.net,Meir,Nyska
['I8'],kammarh@gmail.com,Hagay,Kammar
"['I3', 'I5']",gideon.mann.md@gmail.com,Gideon,Mann
['I6'],barns.nz@gmail.com,Barnaby,Clarck
['I7'],eukots@gmail.com,Eugene,Kots
